node_number,g_number,result
1,0,55
1,0,26
1,0,34
1,0,42
1,0,66
1,0,54
1,0,38
1,0,28
1,0,39
1,0,46
1,0,39
1,0,44
1,0,23
1,0,33
1,0,43
1,0,32
1,0,58
1,0,52
1,0,42
1,0,32
1,0,32
1,0,35
1,0,36
1,0,25
1,0,28
1,0,71
1,0,21
1,0,47
1,0,56
1,0,35
1,0,12
1,0,65
1,0,24
1,0,30
1,0,39
1,0,25
1,0,35
1,0,41
1,0,39
1,0,32
1,0,55
1,0,39
1,0,87
1,0,29
1,0,52
1,0,35
1,0,39
1,0,22
1,0,43
1,0,38
1,0,17
1,0,33
1,0,43
1,0,21
1,0,47
1,0,36
1,0,47
1,0,59
1,0,52
1,0,46
1,0,37
1,0,58
1,0,34
1,0,41
1,0,56
1,0,50
1,0,48
1,0,60
1,0,27
1,0,51
1,0,61
1,0,31
1,0,85
1,0,40
1,0,11
1,0,26
1,0,31
1,0,38
1,0,41
1,0,30
1,0,47
1,0,34
1,0,51
1,0,41
1,0,44
1,0,20
1,0,48
1,0,31
1,0,30
1,0,40
1,0,35
1,0,33
1,0,49
1,0,70
1,0,63
1,0,49
1,0,62
1,0,39
1,0,25
1,0,52
1,1,34
1,1,61
1,1,37
1,1,46
1,1,55
1,1,41
1,1,48
1,1,19
1,1,53
1,1,26
1,1,21
1,1,75
1,1,47
1,1,19
1,1,29
1,1,51
1,1,29
1,1,59
1,1,53
1,1,28
1,1,30
1,1,29
1,1,69
1,1,41
1,1,38
1,1,22
1,1,15
1,1,51
1,1,51
1,1,41
1,1,48
1,1,39
1,1,32
1,1,36
1,1,51
1,1,17
1,1,61
1,1,56
1,1,77
1,1,55
1,1,17
1,1,44
1,1,84
1,1,20
1,1,32
1,1,44
1,1,30
1,1,23
1,1,33
1,1,29
1,1,52
1,1,42
1,1,30
1,1,20
1,1,51
1,1,37
1,1,30
1,1,22
1,1,27
1,1,43
1,1,31
1,1,45
1,1,25
1,1,66
1,1,35
1,1,47
1,1,44
1,1,42
1,1,67
1,1,53
1,1,18
1,1,21
1,1,23
1,1,58
1,1,63
1,1,19
1,1,45
1,1,43
1,1,36
1,1,90
1,1,23
1,1,76
1,1,78
1,1,44
1,1,87
1,1,84
1,1,32
1,1,45
1,1,74
1,1,54
1,1,58
1,1,23
1,1,32
1,1,13
1,1,26
1,1,34
1,1,56
1,1,32
1,1,71
1,1,45
1,2,58
1,2,38
1,2,34
1,2,32
1,2,64
1,2,98
1,2,39
1,2,40
1,2,39
1,2,21
1,2,57
1,2,49
1,2,21
1,2,50
1,2,28
1,2,57
1,2,65
1,2,12
1,2,61
1,2,30
1,2,37
1,2,45
1,2,54
1,2,80
1,2,52
1,2,45
1,2,47
1,2,50
1,2,54
1,2,46
1,2,63
1,2,46
1,2,50
1,2,58
1,2,69
1,2,35
1,2,53
1,2,45
1,2,28
1,2,30
1,2,41
1,2,69
1,2,35
1,2,19
1,2,56
1,2,63
1,2,41
1,2,32
1,2,26
1,2,55
1,2,57
1,2,31
1,2,74
1,2,98
1,2,61
1,2,69
1,2,31
1,2,41
1,2,89
1,2,58
1,2,17
1,2,62
1,2,74
1,2,34
1,2,92
1,2,27
1,2,47
1,2,51
1,2,89
1,2,37
1,2,49
1,2,28
1,2,35
1,2,25
1,2,39
1,2,48
1,2,39
1,2,41
1,2,47
1,2,22
1,2,47
1,2,36
1,2,35
1,2,6
1,2,16
1,2,25
1,2,47
1,2,40
1,2,28
1,2,42
1,2,49
1,2,43
1,2,29
1,2,72
1,2,29
1,2,61
1,2,32
1,2,30
1,2,38
1,2,28
1,3,60
1,3,35
1,3,49
1,3,30
1,3,57
1,3,83
1,3,59
1,3,70
1,3,55
1,3,92
1,3,40
1,3,56
1,3,45
1,3,31
1,3,89
1,3,27
1,3,55
1,3,20
1,3,31
1,3,22
1,3,81
1,3,52
1,3,68
1,3,70
1,3,47
1,3,26
1,3,33
1,3,73
1,3,43
1,3,55
1,3,24
1,3,50
1,3,32
1,3,37
1,3,32
1,3,55
1,3,84
1,3,77
1,3,39
1,3,46
1,3,35
1,3,51
1,3,43
1,3,61
1,3,48
1,3,23
1,3,100
1,3,35
1,3,67
1,3,41
1,3,78
1,3,42
1,3,17
1,3,52
1,3,24
1,3,52
1,3,37
1,3,58
1,3,78
1,3,64
1,3,55
1,3,46
1,3,20
1,3,35
1,3,33
1,3,97
1,3,75
1,3,61
1,3,40
1,3,57
1,3,38
1,3,65
1,3,52
1,3,54
1,3,59
1,3,40
1,3,79
1,3,40
1,3,82
1,3,73
1,3,57
1,3,20
1,3,39
1,3,39
1,3,40
1,3,17
1,3,35
1,3,64
1,3,26
1,3,50
1,3,30
1,3,78
1,3,51
1,3,55
1,3,31
1,3,40
1,3,30
1,3,56
1,3,37
1,3,75
1,4,61
1,4,54
1,4,55
1,4,48
1,4,31
1,4,32
1,4,71
1,4,73
1,4,67
1,4,44
1,4,96
1,4,54
1,4,84
1,4,49
1,4,55
1,4,42
1,4,27
1,4,57
1,4,43
1,4,66
1,4,44
1,4,94
1,4,52
1,4,49
1,4,100
1,4,53
1,4,75
1,4,47
1,4,34
1,4,44
1,4,66
1,4,44
1,4,36
1,4,37
1,4,67
1,4,60
1,4,50
1,4,33
1,4,53
1,4,75
1,4,52
1,4,65
1,4,108
1,4,90
1,4,21
1,4,25
1,4,53
1,4,57
1,4,46
1,4,50
1,4,67
1,4,27
1,4,47
1,4,34
1,4,105
1,4,44
1,4,34
1,4,1
1,4,58
1,4,46
1,4,58
1,4,50
1,4,72
1,4,27
1,4,45
1,4,37
1,4,18
1,4,87
1,4,45
1,4,61
1,4,76
1,4,26
1,4,20
1,4,59
1,4,95
1,4,43
1,4,21
1,4,48
1,4,28
1,4,77
1,4,30
1,4,30
1,4,34
1,4,24
1,4,27
1,4,91
1,4,67
1,4,58
1,4,39
1,4,86
1,4,51
1,4,107
1,4,68
1,4,42
1,4,35
1,4,68
1,4,33
1,4,52
1,4,30
1,4,66
1,5,43
1,5,39
1,5,43
1,5,38
1,5,38
1,5,45
1,5,35
1,5,75
1,5,56
1,5,44
1,5,59
1,5,31
1,5,74
1,5,66
1,5,74
1,5,43
1,5,87
1,5,36
1,5,56
1,5,38
1,5,62
1,5,27
1,5,51
1,5,57
1,5,29
1,5,47
1,5,39
1,5,81
1,5,21
1,5,23
1,5,64
1,5,43
1,5,21
1,5,62
1,5,40
1,5,51
1,5,33
1,5,38
1,5,39
1,5,38
1,5,49
1,5,52
1,5,37
1,5,18
1,5,78
1,5,57
1,5,47
1,5,37
1,5,64
1,5,24
1,5,93
1,5,54
1,5,40
1,5,19
1,5,51
1,5,69
1,5,44
1,5,24
1,5,24
1,5,76
1,5,45
1,5,24
1,5,100
1,5,16
1,5,67
1,5,32
1,5,44
1,5,73
1,5,40
1,5,56
1,5,21
1,5,24
1,5,21
1,5,39
1,5,42
1,5,35
1,5,35
1,5,54
1,5,51
1,5,21
1,5,65
1,5,42
1,5,27
1,5,52
1,5,57
1,5,45
1,5,49
1,5,24
1,5,67
1,5,23
1,5,31
1,5,77
1,5,70
1,5,78
1,5,20
1,5,45
1,5,48
1,5,33
1,5,80
1,5,52
1,6,29
1,6,64
1,6,33
1,6,87
1,6,26
1,6,52
1,6,30
1,6,52
1,6,81
1,6,47
1,6,45
1,6,65
1,6,30
1,6,104
1,6,40
1,6,85
1,6,44
1,6,58
1,6,56
1,6,103
1,6,66
1,6,71
1,6,98
1,6,48
1,6,95
1,6,35
1,6,55
1,6,22
1,6,64
1,6,77
1,6,36
1,6,67
1,6,51
1,6,33
1,6,65
1,6,17
1,6,36
1,6,63
1,6,74
1,6,90
1,6,113
1,6,44
1,6,39
1,6,80
1,6,35
1,6,81
1,6,78
1,6,36
1,6,22
1,6,75
1,6,55
1,6,39
1,6,37
1,6,71
1,6,41
1,6,71
1,6,64
1,6,70
1,6,29
1,6,84
1,6,69
1,6,46
1,6,94
1,6,26
1,6,90
1,6,73
1,6,42
1,6,46
1,6,38
1,6,50
1,6,42
1,6,55
1,6,39
1,6,43
1,6,30
1,6,36
1,6,27
1,6,38
1,6,25
1,6,54
1,6,40
1,6,51
1,6,27
1,6,40
1,6,44
1,6,85
1,6,27
1,6,67
1,6,93
1,6,83
1,6,56
1,6,56
1,6,76
1,6,53
1,6,78
1,6,56
1,6,57
1,6,53
1,6,51
1,6,76
1,7,27
1,7,48
1,7,44
1,7,58
1,7,59
1,7,49
1,7,55
1,7,82
1,7,49
1,7,61
1,7,72
1,7,44
1,7,30
1,7,52
1,7,30
1,7,50
1,7,87
1,7,78
1,7,20
1,7,73
1,7,50
1,7,62
1,7,50
1,7,28
1,7,36
1,7,89
1,7,61
1,7,49
1,7,29
1,7,71
1,7,26
1,7,52
1,7,81
1,7,53
1,7,82
1,7,54
1,7,47
1,7,83
1,7,25
1,7,73
1,7,34
1,7,61
1,7,75
1,7,32
1,7,114
1,7,88
1,7,45
1,7,66
1,7,53
1,7,77
1,7,85
1,7,32
1,7,52
1,7,35
1,7,36
1,7,50
1,7,41
1,7,66
1,7,34
1,7,36
1,7,39
1,7,105
1,7,40
1,7,43
1,7,68
1,7,107
1,7,75
1,7,24
1,7,60
1,7,78
1,7,56
1,7,51
1,7,47
1,7,44
1,7,38
1,7,64
1,7,83
1,7,33
1,7,22
1,7,74
1,7,36
1,7,54
1,7,47
1,7,38
1,7,61
1,7,69
1,7,40
1,7,52
1,7,25
1,7,30
1,7,61
1,7,47
1,7,48
1,7,64
1,7,26
1,7,59
1,7,66
1,7,38
1,7,55
1,7,22
1,8,24
1,8,31
1,8,26
1,8,29
1,8,54
1,8,71
1,8,49
1,8,64
1,8,46
1,8,34
1,8,37
1,8,37
1,8,34
1,8,53
1,8,54
1,8,23
1,8,42
1,8,41
1,8,83
1,8,26
1,8,17
1,8,10
1,8,92
1,8,50
1,8,36
1,8,48
1,8,13
1,8,16
1,8,51
1,8,32
1,8,60
1,8,48
1,8,45
1,8,28
1,8,43
1,8,51
1,8,33
1,8,65
1,8,26
1,8,69
1,8,21
1,8,26
1,8,46
1,8,48
1,8,25
1,8,42
1,8,37
1,8,45
1,8,57
1,8,28
1,8,55
1,8,50
1,8,23
1,8,44
1,8,39
1,8,42
1,8,27
1,8,20
1,8,39
1,8,30
1,8,41
1,8,52
1,8,43
1,8,39
1,8,29
1,8,38
1,8,46
1,8,35
1,8,16
1,8,32
1,8,22
1,8,28
1,8,39
1,8,51
1,8,25
1,8,16
1,8,65
1,8,28
1,8,42
1,8,50
1,8,25
1,8,48
1,8,29
1,8,44
1,8,40
1,8,56
1,8,22
1,8,30
1,8,37
1,8,30
1,8,30
1,8,35
1,8,63
1,8,45
1,8,54
1,8,38
1,8,35
1,8,79
1,8,42
1,8,45
1,9,64
1,9,75
1,9,61
1,9,130
1,9,77
1,9,41
1,9,72
1,9,52
1,9,87
1,9,19
1,9,47
1,9,24
1,9,49
1,9,49
1,9,61
1,9,84
1,9,55
1,9,81
1,9,42
1,9,35
1,9,49
1,9,73
1,9,79
1,9,26
1,9,55
1,9,44
1,9,25
1,9,38
1,9,26
1,9,35
1,9,68
1,9,25
1,9,55
1,9,49
1,9,90
1,9,60
1,9,55
1,9,54
1,9,87
1,9,45
1,9,86
1,9,70
1,9,57
1,9,49
1,9,22
1,9,26
1,9,35
1,9,74
1,9,39
1,9,50
1,9,85
1,9,101
1,9,46
1,9,54
1,9,97
1,9,67
1,9,42
1,9,60
1,9,37
1,9,47
1,9,79
1,9,73
1,9,54
1,9,36
1,9,44
1,9,34
1,9,45
1,9,47
1,9,44
1,9,52
1,9,71
1,9,47
1,9,34
1,9,21
1,9,82
1,9,72
1,9,44
1,9,44
1,9,49
1,9,37
1,9,71
1,9,77
1,9,62
1,9,41
1,9,64
1,9,76
1,9,44
1,9,87
1,9,90
1,9,55
1,9,53
1,9,94
1,9,68
1,9,41
1,9,77
1,9,56
1,9,48
1,9,36
1,9,92
1,9,94
1,10,83
1,10,112
1,10,50
1,10,43
1,10,16
1,10,34
1,10,48
1,10,96
1,10,35
1,10,29
1,10,118
1,10,29
1,10,35
1,10,47
1,10,24
1,10,85
1,10,23
1,10,59
1,10,86
1,10,31
1,10,52
1,10,83
1,10,55
1,10,44
1,10,44
1,10,71
1,10,36
1,10,62
1,10,44
1,10,23
1,10,55
1,10,53
1,10,56
1,10,74
1,10,75
1,10,35
1,10,54
1,10,92
1,10,60
1,10,52
1,10,53
1,10,36
1,10,61
1,10,45
1,10,59
1,10,53
1,10,34
1,10,57
1,10,70
1,10,72
1,10,88
1,10,54
1,10,84
1,10,56
1,10,61
1,10,79
1,10,39
1,10,98
1,10,48
1,10,73
1,10,39
1,10,37
1,10,34
1,10,90
1,10,47
1,10,29
1,10,81
1,10,68
1,10,78
1,10,64
1,10,58
1,10,114
1,10,43
1,10,42
1,10,72
1,10,50
1,10,56
1,10,57
1,10,72
1,10,51
1,10,63
1,10,29
1,10,25
1,10,57
1,10,46
1,10,47
1,10,40
1,10,60
1,10,44
1,10,42
1,10,60
1,10,38
1,10,35
1,10,97
1,10,49
1,10,67
1,10,48
1,10,98
1,10,48
1,10,56
1,11,31
1,11,22
1,11,35
1,11,46
1,11,67
1,11,24
1,11,82
1,11,33
1,11,35
1,11,32
1,11,33
1,11,34
1,11,72
1,11,56
1,11,43
1,11,45
1,11,33
1,11,38
1,11,24
1,11,60
1,11,44
1,11,54
1,11,66
1,11,37
1,11,60
1,11,41
1,11,62
1,11,61
1,11,69
1,11,40
1,11,39
1,11,61
1,11,52
1,11,60
1,11,65
1,11,44
1,11,28
1,11,41
1,11,58
1,11,25
1,11,47
1,11,35
1,11,71
1,11,69
1,11,43
1,11,36
1,11,32
1,11,34
1,11,37
1,11,30
1,11,18
1,11,44
1,11,35
1,11,40
1,11,56
1,11,47
1,11,42
1,11,106
1,11,44
1,11,62
1,11,22
1,11,32
1,11,24
1,11,16
1,11,37
1,11,46
1,11,78
1,11,20
1,11,69
1,11,49
1,11,65
1,11,19
1,11,69
1,11,75
1,11,36
1,11,54
1,11,36
1,11,43
1,11,77
1,11,84
1,11,25
1,11,72
1,11,37
1,11,47
1,11,44
1,11,52
1,11,38
1,11,19
1,11,50
1,11,41
1,11,34
1,11,40
1,11,75
1,11,66
1,11,62
1,11,54
1,11,26
1,11,59
1,11,53
1,11,56
2,0,103
2,0,51
2,0,28
2,0,62
2,0,32
2,0,52
2,0,49
2,0,20
2,0,65
2,0,74
2,0,30
2,0,42
2,0,65
2,0,46
2,0,57
2,0,37
2,0,68
2,0,53
2,0,75
2,0,74
2,0,45
2,0,49
2,0,41
2,0,38
2,0,44
2,0,30
2,0,59
2,0,62
2,0,62
2,0,59
2,0,75
2,0,41
2,0,26
2,0,28
2,0,39
2,0,94
2,0,23
2,0,124
2,0,54
2,0,73
2,0,45
2,0,63
2,0,58
2,0,34
2,0,46
2,0,60
2,0,42
2,0,14
2,0,32
2,0,51
2,0,13
2,0,46
2,0,46
2,0,46
2,0,29
2,0,74
2,0,39
2,0,68
2,0,26
2,0,39
2,0,63
2,0,51
2,0,84
2,0,33
2,0,49
2,0,54
2,0,45
2,0,34
2,0,104
2,0,32
2,0,32
2,0,42
2,0,26
2,0,50
2,0,44
2,0,57
2,0,44
2,0,91
2,0,45
2,0,52
2,0,36
2,0,48
2,0,83
2,0,60
2,0,47
2,0,27
2,0,55
2,0,68
2,0,28
2,0,33
2,0,35
2,0,79
2,0,85
2,0,82
2,0,30
2,0,66
2,0,38
2,0,44
2,0,56
2,0,58
2,1,74
2,1,35
2,1,96
2,1,102
2,1,74
2,1,43
2,1,84
2,1,134
2,1,73
2,1,60
2,1,80
2,1,75
2,1,84
2,1,56
2,1,95
2,1,91
2,1,106
2,1,45
2,1,94
2,1,92
2,1,118
2,1,75
2,1,53
2,1,52
2,1,74
2,1,131
2,1,70
2,1,43
2,1,75
2,1,95
2,1,97
2,1,106
2,1,52
2,1,82
2,1,79
2,1,70
2,1,69
2,1,112
2,1,71
2,1,75
2,1,86
2,1,81
2,1,60
2,1,68
2,1,48
2,1,57
2,1,53
2,1,39
2,1,40
2,1,63
2,1,37
2,1,92
2,1,94
2,1,83
2,1,92
2,1,77
2,1,52
2,1,81
2,1,77
2,1,45
2,1,149
2,1,108
2,1,114
2,1,110
2,1,62
2,1,53
2,1,90
2,1,125
2,1,69
2,1,86
2,1,55
2,1,49
2,1,92
2,1,72
2,1,65
2,1,111
2,1,81
2,1,62
2,1,63
2,1,78
2,1,49
2,1,65
2,1,105
2,1,100
2,1,78
2,1,89
2,1,56
2,1,93
2,1,63
2,1,93
2,1,81
2,1,98
2,1,95
2,1,58
2,1,47
2,1,69
2,1,114
2,1,57
2,1,91
2,1,51
2,2,39
2,2,79
2,2,45
2,2,29
2,2,61
2,2,52
2,2,41
2,2,45
2,2,36
2,2,28
2,2,55
2,2,52
2,2,65
2,2,86
2,2,51
2,2,43
2,2,49
2,2,35
2,2,60
2,2,101
2,2,66
2,2,88
2,2,67
2,2,42
2,2,65
2,2,51
2,2,78
2,2,78
2,2,65
2,2,40
2,2,36
2,2,61
2,2,70
2,2,30
2,2,43
2,2,50
2,2,75
2,2,92
2,2,48
2,2,50
2,2,52
2,2,44
2,2,70
2,2,52
2,2,40
2,2,68
2,2,38
2,2,40
2,2,48
2,2,32
2,2,42
2,2,22
2,2,47
2,2,70
2,2,65
2,2,62
2,2,71
2,2,24
2,2,58
2,2,64
2,2,52
2,2,42
2,2,42
2,2,45
2,2,53
2,2,22
2,2,38
2,2,61
2,2,54
2,2,42
2,2,55
2,2,59
2,2,44
2,2,44
2,2,30
2,2,95
2,2,21
2,2,71
2,2,32
2,2,54
2,2,22
2,2,59
2,2,50
2,2,57
2,2,24
2,2,66
2,2,56
2,2,43
2,2,40
2,2,52
2,2,59
2,2,60
2,2,40
2,2,32
2,2,83
2,2,18
2,2,60
2,2,38
2,2,47
2,2,87
2,3,31
2,3,22
2,3,39
2,3,55
2,3,55
2,3,26
2,3,48
2,3,40
2,3,49
2,3,36
2,3,39
2,3,45
2,3,34
2,3,40
2,3,44
2,3,76
2,3,56
2,3,35
2,3,24
2,3,50
2,3,64
2,3,39
2,3,70
2,3,29
2,3,76
2,3,34
2,3,36
2,3,37
2,3,11
2,3,58
2,3,46
2,3,43
2,3,40
2,3,44
2,3,49
2,3,38
2,3,64
2,3,46
2,3,66
2,3,84
2,3,33
2,3,54
2,3,36
2,3,38
2,3,51
2,3,50
2,3,31
2,3,38
2,3,45
2,3,45
2,3,29
2,3,69
2,3,37
2,3,38
2,3,49
2,3,47
2,3,42
2,3,42
2,3,50
2,3,71
2,3,60
2,3,43
2,3,69
2,3,41
2,3,70
2,3,46
2,3,27
2,3,48
2,3,22
2,3,47
2,3,44
2,3,61
2,3,73
2,3,35
2,3,25
2,3,41
2,3,37
2,3,95
2,3,45
2,3,41
2,3,68
2,3,24
2,3,37
2,3,34
2,3,64
2,3,45
2,3,31
2,3,37
2,3,37
2,3,34
2,3,49
2,3,45
2,3,47
2,3,23
2,3,39
2,3,50
2,3,63
2,3,49
2,3,32
2,3,53
2,4,23
2,4,21
2,4,16
2,4,79
2,4,28
2,4,59
2,4,48
2,4,32
2,4,9
2,4,32
2,4,54
2,4,59
2,4,30
2,4,20
2,4,27
2,4,30
2,4,40
2,4,19
2,4,40
2,4,42
2,4,52
2,4,33
2,4,39
2,4,49
2,4,81
2,4,37
2,4,45
2,4,86
2,4,46
2,4,45
2,4,24
2,4,39
2,4,46
2,4,42
2,4,44
2,4,74
2,4,56
2,4,94
2,4,50
2,4,75
2,4,57
2,4,39
2,4,12
2,4,57
2,4,35
2,4,43
2,4,27
2,4,44
2,4,26
2,4,30
2,4,33
2,4,52
2,4,29
2,4,26
2,4,33
2,4,32
2,4,33
2,4,46
2,4,34
2,4,48
2,4,34
2,4,51
2,4,37
2,4,39
2,4,36
2,4,31
2,4,42
2,4,18
2,4,105
2,4,23
2,4,35
2,4,57
2,4,37
2,4,32
2,4,34
2,4,39
2,4,39
2,4,48
2,4,35
2,4,21
2,4,20
2,4,67
2,4,58
2,4,50
2,4,62
2,4,49
2,4,53
2,4,34
2,4,32
2,4,48
2,4,33
2,4,54
2,4,37
2,4,57
2,4,37
2,4,105
2,4,30
2,4,45
2,4,62
2,4,61
2,5,59
2,5,58
2,5,55
2,5,44
2,5,47
2,5,49
2,5,53
2,5,57
2,5,56
2,5,62
2,5,35
2,5,85
2,5,86
2,5,58
2,5,40
2,5,47
2,5,18
2,5,56
2,5,47
2,5,88
2,5,58
2,5,44
2,5,46
2,5,72
2,5,55
2,5,22
2,5,57
2,5,113
2,5,81
2,5,74
2,5,49
2,5,48
2,5,26
2,5,58
2,5,105
2,5,37
2,5,59
2,5,87
2,5,42
2,5,48
2,5,74
2,5,71
2,5,58
2,5,16
2,5,75
2,5,48
2,5,44
2,5,93
2,5,40
2,5,26
2,5,54
2,5,31
2,5,73
2,5,26
2,5,84
2,5,25
2,5,65
2,5,74
2,5,39
2,5,60
2,5,62
2,5,76
2,5,39
2,5,36
2,5,62
2,5,72
2,5,50
2,5,48
2,5,35
2,5,47
2,5,79
2,5,36
2,5,62
2,5,40
2,5,38
2,5,42
2,5,49
2,5,53
2,5,57
2,5,57
2,5,40
2,5,84
2,5,34
2,5,46
2,5,58
2,5,61
2,5,60
2,5,49
2,5,60
2,5,37
2,5,55
2,5,89
2,5,68
2,5,82
2,5,61
2,5,38
2,5,34
2,5,81
2,5,35
2,5,46
2,6,38
2,6,49
2,6,34
2,6,39
2,6,39
2,6,39
2,6,48
2,6,64
2,6,51
2,6,40
2,6,33
2,6,76
2,6,79
2,6,96
2,6,37
2,6,27
2,6,53
2,6,42
2,6,50
2,6,25
2,6,52
2,6,62
2,6,40
2,6,55
2,6,47
2,6,43
2,6,47
2,6,49
2,6,69
2,6,31
2,6,61
2,6,38
2,6,43
2,6,40
2,6,70
2,6,29
2,6,54
2,6,49
2,6,57
2,6,25
2,6,23
2,6,76
2,6,70
2,6,49
2,6,44
2,6,47
2,6,5
2,6,60
2,6,60
2,6,53
2,6,19
2,6,65
2,6,42
2,6,47
2,6,34
2,6,42
2,6,37
2,6,30
2,6,40
2,6,57
2,6,66
2,6,15
2,6,39
2,6,51
2,6,43
2,6,62
2,6,28
2,6,46
2,6,69
2,6,43
2,6,38
2,6,50
2,6,10
2,6,64
2,6,66
2,6,54
2,6,23
2,6,32
2,6,31
2,6,54
2,6,64
2,6,25
2,6,117
2,6,83
2,6,39
2,6,29
2,6,66
2,6,21
2,6,20
2,6,25
2,6,71
2,6,31
2,6,18
2,6,47
2,6,28
2,6,28
2,6,33
2,6,35
2,6,62
2,6,48
2,7,23
2,7,40
2,7,44
2,7,40
2,7,59
2,7,44
2,7,46
2,7,58
2,7,71
2,7,37
2,7,55
2,7,64
2,7,34
2,7,64
2,7,58
2,7,47
2,7,91
2,7,52
2,7,23
2,7,29
2,7,59
2,7,54
2,7,32
2,7,58
2,7,39
2,7,99
2,7,14
2,7,35
2,7,54
2,7,62
2,7,40
2,7,33
2,7,59
2,7,40
2,7,41
2,7,55
2,7,39
2,7,45
2,7,44
2,7,31
2,7,35
2,7,86
2,7,57
2,7,37
2,7,48
2,7,48
2,7,67
2,7,35
2,7,61
2,7,45
2,7,41
2,7,58
2,7,46
2,7,36
2,7,44
2,7,45
2,7,52
2,7,18
2,7,68
2,7,75
2,7,41
2,7,72
2,7,43
2,7,38
2,7,32
2,7,62
2,7,34
2,7,83
2,7,33
2,7,31
2,7,60
2,7,33
2,7,58
2,7,80
2,7,39
2,7,95
2,7,55
2,7,51
2,7,80
2,7,40
2,7,35
2,7,36
2,7,40
2,7,34
2,7,53
2,7,74
2,7,62
2,7,29
2,7,56
2,7,48
2,7,65
2,7,39
2,7,57
2,7,44
2,7,124
2,7,67
2,7,57
2,7,75
2,7,38
2,7,25
2,8,82
2,8,60
2,8,65
2,8,22
2,8,65
2,8,70
2,8,51
2,8,54
2,8,90
2,8,45
2,8,65
2,8,26
2,8,78
2,8,53
2,8,74
2,8,31
2,8,33
2,8,36
2,8,43
2,8,58
2,8,43
2,8,35
2,8,42
2,8,53
2,8,59
2,8,28
2,8,45
2,8,63
2,8,35
2,8,37
2,8,35
2,8,61
2,8,58
2,8,76
2,8,44
2,8,43
2,8,52
2,8,49
2,8,35
2,8,26
2,8,78
2,8,44
2,8,67
2,8,45
2,8,36
2,8,47
2,8,72
2,8,28
2,8,24
2,8,32
2,8,60
2,8,24
2,8,64
2,8,44
2,8,37
2,8,67
2,8,29
2,8,21
2,8,39
2,8,33
2,8,57
2,8,51
2,8,45
2,8,46
2,8,60
2,8,57
2,8,47
2,8,81
2,8,41
2,8,36
2,8,33
2,8,39
2,8,55
2,8,59
2,8,76
2,8,30
2,8,54
2,8,33
2,8,36
2,8,59
2,8,97
2,8,29
2,8,83
2,8,40
2,8,61
2,8,67
2,8,34
2,8,40
2,8,43
2,8,89
2,8,82
2,8,40
2,8,52
2,8,127
2,8,40
2,8,54
2,8,30
2,8,44
2,8,64
2,8,49
2,9,30
2,9,85
2,9,25
2,9,65
2,9,42
2,9,44
2,9,37
2,9,31
2,9,64
2,9,41
2,9,40
2,9,50
2,9,56
2,9,65
2,9,35
2,9,40
2,9,55
2,9,76
2,9,35
2,9,51
2,9,37
2,9,39
2,9,41
2,9,50
2,9,47
2,9,65
2,9,30
2,9,29
2,9,44
2,9,40
2,9,59
2,9,30
2,9,42
2,9,38
2,9,46
2,9,74
2,9,64
2,9,53
2,9,76
2,9,39
2,9,29
2,9,38
2,9,26
2,9,58
2,9,94
2,9,30
2,9,38
2,9,31
2,9,55
2,9,40
2,9,50
2,9,41
2,9,51
2,9,34
2,9,28
2,9,27
2,9,60
2,9,19
2,9,57
2,9,44
2,9,65
2,9,88
2,9,34
2,9,53
2,9,74
2,9,25
2,9,30
2,9,30
2,9,56
2,9,58
2,9,45
2,9,57
2,9,33
2,9,52
2,9,59
2,9,44
2,9,66
2,9,62
2,9,57
2,9,65
2,9,37
2,9,54
2,9,33
2,9,89
2,9,66
2,9,101
2,9,27
2,9,36
2,9,64
2,9,38
2,9,55
2,9,18
2,9,42
2,9,40
2,9,34
2,9,43
2,9,20
2,9,43
2,9,52
2,9,72
2,10,60
2,10,83
2,10,29
2,10,58
2,10,65
2,10,62
2,10,75
2,10,51
2,10,69
2,10,80
2,10,57
2,10,53
2,10,69
2,10,68
2,10,65
2,10,43
2,10,60
2,10,79
2,10,74
2,10,52
2,10,62
2,10,51
2,10,41
2,10,77
2,10,57
2,10,46
2,10,64
2,10,97
2,10,92
2,10,41
2,10,51
2,10,23
2,10,60
2,10,51
2,10,89
2,10,50
2,10,31
2,10,53
2,10,64
2,10,66
2,10,56
2,10,104
2,10,33
2,10,68
2,10,61
2,10,101
2,10,48
2,10,28
2,10,130
2,10,39
2,10,49
2,10,43
2,10,53
2,10,60
2,10,60
2,10,47
2,10,105
2,10,35
2,10,32
2,10,66
2,10,68
2,10,120
2,10,27
2,10,51
2,10,51
2,10,59
2,10,70
2,10,64
2,10,59
2,10,50
2,10,128
2,10,104
2,10,31
2,10,87
2,10,22
2,10,79
2,10,41
2,10,64
2,10,68
2,10,88
2,10,61
2,10,50
2,10,63
2,10,65
2,10,66
2,10,54
2,10,57
2,10,75
2,10,67
2,10,94
2,10,66
2,10,40
2,10,46
2,10,40
2,10,50
2,10,57
2,10,42
2,10,34
2,10,97
2,10,39
2,11,24
2,11,25
2,11,34
2,11,34
2,11,26
2,11,27
2,11,56
2,11,34
2,11,55
2,11,21
2,11,40
2,11,73
2,11,39
2,11,52
2,11,47
2,11,23
2,11,67
2,11,33
2,11,29
2,11,37
2,11,50
2,11,19
2,11,32
2,11,17
2,11,44
2,11,77
2,11,58
2,11,30
2,11,16
2,11,28
2,11,15
2,11,45
2,11,35
2,11,53
2,11,38
2,11,64
2,11,8
2,11,40
2,11,25
2,11,41
2,11,69
2,11,55
2,11,41
2,11,35
2,11,34
2,11,34
2,11,43
2,11,36
2,11,52
2,11,60
2,11,38
2,11,31
2,11,57
2,11,54
2,11,51
2,11,56
2,11,41
2,11,42
2,11,28
2,11,54
2,11,42
2,11,22
2,11,40
2,11,31
2,11,37
2,11,68
2,11,23
2,11,39
2,11,78
2,11,85
2,11,46
2,11,14
2,11,62
2,11,45
2,11,28
2,11,28
2,11,25
2,11,24
2,11,41
2,11,46
2,11,25
2,11,31
2,11,48
2,11,44
2,11,27
2,11,71
2,11,70
2,11,47
2,11,47
2,11,38
2,11,49
2,11,29
2,11,65
2,11,43
2,11,66
2,11,45
2,11,14
2,11,28
2,11,60
2,11,32
2,12,32
2,12,49
2,12,58
2,12,49
2,12,33
2,12,51
2,12,34
2,12,38
2,12,38
2,12,40
2,12,32
2,12,45
2,12,53
2,12,33
2,12,31
2,12,41
2,12,30
2,12,23
2,12,40
2,12,17
2,12,16
2,12,13
2,12,98
2,12,13
2,12,41
2,12,70
2,12,52
2,12,50
2,12,29
2,12,52
2,12,71
2,12,25
2,12,47
2,12,24
2,12,24
2,12,72
2,12,22
2,12,15
2,12,30
2,12,28
2,12,52
2,12,66
2,12,32
2,12,33
2,12,71
2,12,61
2,12,34
2,12,63
2,12,72
2,12,71
2,12,50
2,12,77
2,12,15
2,12,25
2,12,51
2,12,62
2,12,36
2,12,29
2,12,49
2,12,41
2,12,56
2,12,51
2,12,69
2,12,30
2,12,33
2,12,74
2,12,41
2,12,36
2,12,25
2,12,55
2,12,18
2,12,22
2,12,40
2,12,53
2,12,40
2,12,81
2,12,49
2,12,27
2,12,61
2,12,46
2,12,51
2,12,47
2,12,38
2,12,20
2,12,80
2,12,52
2,12,17
2,12,29
2,12,44
2,12,42
2,12,51
2,12,59
2,12,32
2,12,33
2,12,74
2,12,40
2,12,34
2,12,23
2,12,28
2,12,59
3,0,40
3,0,42
3,0,55
3,0,49
3,0,41
3,0,46
3,0,97
3,0,30
3,0,83
3,0,37
3,0,90
3,0,32
3,0,72
3,0,25
3,0,39
3,0,90
3,0,92
3,0,82
3,0,34
3,0,57
3,0,47
3,0,85
3,0,44
3,0,54
3,0,63
3,0,59
3,0,19
3,0,36
3,0,50
3,0,67
3,0,47
3,0,26
3,0,36
3,0,79
3,0,23
3,0,100
3,0,77
3,0,64
3,0,48
3,0,82
3,0,66
3,0,69
3,0,118
3,0,45
3,0,46
3,0,49
3,0,62
3,0,48
3,0,41
3,0,60
3,0,53
3,0,54
3,0,56
3,0,73
3,0,44
3,0,26
3,0,69
3,0,41
3,0,23
3,0,60
3,0,89
3,0,57
3,0,78
3,0,58
3,0,54
3,0,107
3,0,28
3,0,22
3,0,76
3,0,94
3,0,90
3,0,83
3,0,62
3,0,70
3,0,33
3,0,27
3,0,87
3,0,60
3,0,101
3,0,42
3,0,60
3,0,19
3,0,32
3,0,12
3,0,33
3,0,59
3,0,56
3,0,80
3,0,78
3,0,42
3,0,70
3,0,34
3,0,45
3,0,46
3,0,84
3,0,45
3,0,47
3,0,70
3,0,100
3,0,68
3,1,64
3,1,48
3,1,36
3,1,59
3,1,114
3,1,80
3,1,39
3,1,72
3,1,17
3,1,70
3,1,36
3,1,29
3,1,63
3,1,59
3,1,89
3,1,65
3,1,49
3,1,30
3,1,55
3,1,54
3,1,35
3,1,23
3,1,18
3,1,34
3,1,30
3,1,69
3,1,52
3,1,79
3,1,33
3,1,69
3,1,38
3,1,74
3,1,44
3,1,51
3,1,106
3,1,84
3,1,39
3,1,37
3,1,77
3,1,40
3,1,42
3,1,37
3,1,74
3,1,23
3,1,83
3,1,43
3,1,84
3,1,42
3,1,38
3,1,29
3,1,78
3,1,38
3,1,59
3,1,36
3,1,64
3,1,47
3,1,26
3,1,61
3,1,36
3,1,55
3,1,59
3,1,85
3,1,51
3,1,28
3,1,53
3,1,48
3,1,46
3,1,36
3,1,32
3,1,53
3,1,79
3,1,27
3,1,70
3,1,80
3,1,25
3,1,59
3,1,22
3,1,44
3,1,35
3,1,36
3,1,54
3,1,48
3,1,30
3,1,57
3,1,69
3,1,73
3,1,50
3,1,87
3,1,48
3,1,78
3,1,58
3,1,90
3,1,38
3,1,101
3,1,44
3,1,97
3,1,19
3,1,40
3,1,54
3,1,89
3,2,56
3,2,61
3,2,26
3,2,20
3,2,39
3,2,23
3,2,51
3,2,36
3,2,28
3,2,45
3,2,52
3,2,45
3,2,28
3,2,56
3,2,31
3,2,30
3,2,38
3,2,22
3,2,28
3,2,25
3,2,33
3,2,35
3,2,52
3,2,47
3,2,26
3,2,29
3,2,41
3,2,32
3,2,32
3,2,36
3,2,38
3,2,30
3,2,43
3,2,29
3,2,15
3,2,28
3,2,46
3,2,45
3,2,35
3,2,54
3,2,74
3,2,49
3,2,40
3,2,72
3,2,35
3,2,35
3,2,43
3,2,23
3,2,32
3,2,24
3,2,38
3,2,39
3,2,46
3,2,42
3,2,62
3,2,49
3,2,57
3,2,23
3,2,62
3,2,53
3,2,57
3,2,24
3,2,25
3,2,34
3,2,23
3,2,63
3,2,48
3,2,38
3,2,38
3,2,21
3,2,23
3,2,47
3,2,35
3,2,27
3,2,51
3,2,25
3,2,53
3,2,20
3,2,24
3,2,27
3,2,27
3,2,25
3,2,51
3,2,47
3,2,58
3,2,39
3,2,30
3,2,42
3,2,25
3,2,39
3,2,44
3,2,74
3,2,37
3,2,57
3,2,41
3,2,35
3,2,46
3,2,31
3,2,36
3,2,28
3,3,73
3,3,39
3,3,60
3,3,36
3,3,51
3,3,33
3,3,30
3,3,25
3,3,40
3,3,54
3,3,30
3,3,28
3,3,37
3,3,60
3,3,39
3,3,79
3,3,30
3,3,18
3,3,47
3,3,46
3,3,108
3,3,60
3,3,54
3,3,69
3,3,16
3,3,52
3,3,77
3,3,100
3,3,65
3,3,35
3,3,65
3,3,42
3,3,51
3,3,56
3,3,31
3,3,42
3,3,61
3,3,73
3,3,53
3,3,79
3,3,62
3,3,15
3,3,43
3,3,49
3,3,84
3,3,54
3,3,65
3,3,31
3,3,41
3,3,36
3,3,61
3,3,56
3,3,52
3,3,47
3,3,51
3,3,66
3,3,81
3,3,39
3,3,73
3,3,35
3,3,44
3,3,31
3,3,50
3,3,41
3,3,83
3,3,53
3,3,32
3,3,17
3,3,45
3,3,17
3,3,29
3,3,29
3,3,46
3,3,40
3,3,22
3,3,89
3,3,82
3,3,33
3,3,48
3,3,60
3,3,50
3,3,28
3,3,65
3,3,50
3,3,33
3,3,75
3,3,26
3,3,33
3,3,40
3,3,52
3,3,29
3,3,50
3,3,71
3,3,47
3,3,36
3,3,34
3,3,18
3,3,62
3,3,58
3,3,32
3,4,22
3,4,76
3,4,32
3,4,57
3,4,19
3,4,69
3,4,30
3,4,74
3,4,47
3,4,51
3,4,58
3,4,31
3,4,36
3,4,49
3,4,20
3,4,79
3,4,41
3,4,107
3,4,54
3,4,46
3,4,33
3,4,79
3,4,49
3,4,38
3,4,30
3,4,44
3,4,26
3,4,40
3,4,47
3,4,42
3,4,80
3,4,50
3,4,34
3,4,61
3,4,43
3,4,61
3,4,62
3,4,30
3,4,34
3,4,30
3,4,36
3,4,67
3,4,40
3,4,57
3,4,37
3,4,60
3,4,93
3,4,72
3,4,39
3,4,55
3,4,40
3,4,63
3,4,48
3,4,46
3,4,50
3,4,48
3,4,40
3,4,48
3,4,74
3,4,64
3,4,23
3,4,24
3,4,49
3,4,37
3,4,62
3,4,32
3,4,36
3,4,57
3,4,50
3,4,45
3,4,40
3,4,52
3,4,49
3,4,54
3,4,48
3,4,41
3,4,58
3,4,70
3,4,48
3,4,43
3,4,52
3,4,79
3,4,24
3,4,14
3,4,38
3,4,75
3,4,31
3,4,73
3,4,21
3,4,65
3,4,45
3,4,29
3,4,74
3,4,61
3,4,50
3,4,67
3,4,58
3,4,39
3,4,36
3,4,65
3,5,75
3,5,56
3,5,40
3,5,38
3,5,77
3,5,71
3,5,53
3,5,37
3,5,56
3,5,75
3,5,30
3,5,31
3,5,30
3,5,23
3,5,44
3,5,39
3,5,63
3,5,48
3,5,49
3,5,58
3,5,43
3,5,46
3,5,91
3,5,50
3,5,57
3,5,53
3,5,58
3,5,47
3,5,26
3,5,23
3,5,40
3,5,43
3,5,30
3,5,57
3,5,50
3,5,41
3,5,45
3,5,52
3,5,46
3,5,38
3,5,35
3,5,53
3,5,59
3,5,63
3,5,82
3,5,68
3,5,48
3,5,35
3,5,27
3,5,61
3,5,38
3,5,45
3,5,45
3,5,39
3,5,74
3,5,72
3,5,51
3,5,46
3,5,87
3,5,33
3,5,34
3,5,41
3,5,45
3,5,69
3,5,70
3,5,42
3,5,11
3,5,56
3,5,38
3,5,106
3,5,52
3,5,45
3,5,49
3,5,46
3,5,45
3,5,22
3,5,38
3,5,48
3,5,34
3,5,35
3,5,70
3,5,59
3,5,29
3,5,34
3,5,53
3,5,53
3,5,68
3,5,51
3,5,45
3,5,34
3,5,48
3,5,54
3,5,41
3,5,41
3,5,55
3,5,51
3,5,49
3,5,74
3,5,32
3,5,49
3,6,23
3,6,22
3,6,52
3,6,42
3,6,36
3,6,24
3,6,67
3,6,49
3,6,42
3,6,41
3,6,36
3,6,20
3,6,44
3,6,41
3,6,98
3,6,32
3,6,28
3,6,53
3,6,13
3,6,32
3,6,43
3,6,27
3,6,57
3,6,26
3,6,47
3,6,55
3,6,35
3,6,44
3,6,33
3,6,62
3,6,30
3,6,37
3,6,49
3,6,26
3,6,57
3,6,48
3,6,58
3,6,42
3,6,63
3,6,33
3,6,41
3,6,56
3,6,64
3,6,72
3,6,28
3,6,38
3,6,71
3,6,53
3,6,34
3,6,43
3,6,60
3,6,34
3,6,25
3,6,49
3,6,71
3,6,43
3,6,56
3,6,38
3,6,42
3,6,36
3,6,35
3,6,46
3,6,39
3,6,44
3,6,62
3,6,29
3,6,51
3,6,47
3,6,44
3,6,50
3,6,43
3,6,49
3,6,32
3,6,44
3,6,68
3,6,34
3,6,38
3,6,55
3,6,32
3,6,36
3,6,19
3,6,40
3,6,43
3,6,21
3,6,46
3,6,40
3,6,39
3,6,35
3,6,54
3,6,16
3,6,43
3,6,40
3,6,49
3,6,39
3,6,45
3,6,19
3,6,33
3,6,40
3,6,32
3,6,64
3,7,31
3,7,23
3,7,58
3,7,68
3,7,43
3,7,87
3,7,42
3,7,39
3,7,59
3,7,36
3,7,49
3,7,34
3,7,50
3,7,36
3,7,18
3,7,55
3,7,36
3,7,42
3,7,41
3,7,43
3,7,35
3,7,35
3,7,31
3,7,33
3,7,30
3,7,25
3,7,53
3,7,40
3,7,46
3,7,53
3,7,27
3,7,56
3,7,26
3,7,37
3,7,34
3,7,51
3,7,85
3,7,42
3,7,43
3,7,67
3,7,49
3,7,68
3,7,98
3,7,65
3,7,57
3,7,28
3,7,24
3,7,39
3,7,27
3,7,80
3,7,39
3,7,47
3,7,29
3,7,56
3,7,51
3,7,32
3,7,41
3,7,30
3,7,36
3,7,29
3,7,41
3,7,59
3,7,22
3,7,65
3,7,77
3,7,26
3,7,27
3,7,48
3,7,26
3,7,45
3,7,15
3,7,56
3,7,55
3,7,29
3,7,30
3,7,40
3,7,45
3,7,33
3,7,34
3,7,38
3,7,41
3,7,52
3,7,24
3,7,46
3,7,63
3,7,66
3,7,97
3,7,35
3,7,57
3,7,34
3,7,52
3,7,65
3,7,20
3,7,59
3,7,32
3,7,49
3,7,37
3,7,55
3,7,51
3,7,58
3,8,52
3,8,52
3,8,15
3,8,88
3,8,99
3,8,128
3,8,85
3,8,98
3,8,110
3,8,32
3,8,92
3,8,45
3,8,120
3,8,82
3,8,67
3,8,50
3,8,42
3,8,33
3,8,61
3,8,65
3,8,25
3,8,105
3,8,90
3,8,123
3,8,32
3,8,45
3,8,50
3,8,62
3,8,68
3,8,66
3,8,85
3,8,54
3,8,40
3,8,51
3,8,40
3,8,49
3,8,80
3,8,54
3,8,57
3,8,52
3,8,77
3,8,43
3,8,86
3,8,74
3,8,90
3,8,119
3,8,48
3,8,29
3,8,46
3,8,65
3,8,97
3,8,67
3,8,64
3,8,89
3,8,53
3,8,61
3,8,61
3,8,37
3,8,45
3,8,91
3,8,68
3,8,55
3,8,97
3,8,130
3,8,80
3,8,78
3,8,67
3,8,28
3,8,77
3,8,69
3,8,46
3,8,73
3,8,119
3,8,62
3,8,46
3,8,67
3,8,66
3,8,73
3,8,64
3,8,55
3,8,88
3,8,86
3,8,36
3,8,89
3,8,44
3,8,18
3,8,36
3,8,67
3,8,53
3,8,53
3,8,51
3,8,72
3,8,45
3,8,70
3,8,97
3,8,49
3,8,85
3,8,82
3,8,68
3,8,73
3,9,30
3,9,17
3,9,45
3,9,32
3,9,36
3,9,34
3,9,38
3,9,23
3,9,63
3,9,17
3,9,70
3,9,50
3,9,44
3,9,31
3,9,96
3,9,50
3,9,28
3,9,18
3,9,38
3,9,73
3,9,64
3,9,53
3,9,22
3,9,51
3,9,28
3,9,53
3,9,66
3,9,43
3,9,16
3,9,36
3,9,28
3,9,50
3,9,44
3,9,40
3,9,62
3,9,42
3,9,57
3,9,27
3,9,32
3,9,28
3,9,24
3,9,33
3,9,48
3,9,40
3,9,47
3,9,59
3,9,36
3,9,48
3,9,61
3,9,39
3,9,38
3,9,38
3,9,33
3,9,42
3,9,38
3,9,21
3,9,41
3,9,15
3,9,42
3,9,70
3,9,60
3,9,27
3,9,25
3,9,33
3,9,52
3,9,47
3,9,25
3,9,46
3,9,60
3,9,34
3,9,38
3,9,50
3,9,47
3,9,74
3,9,53
3,9,33
3,9,28
3,9,42
3,9,37
3,9,39
3,9,28
3,9,37
3,9,49
3,9,22
3,9,61
3,9,35
3,9,24
3,9,36
3,9,49
3,9,21
3,9,49
3,9,47
3,9,37
3,9,31
3,9,68
3,9,28
3,9,43
3,9,44
3,9,23
3,9,40
3,10,24
3,10,17
3,10,43
3,10,25
3,10,31
3,10,52
3,10,10
3,10,51
3,10,28
3,10,43
3,10,25
3,10,49
3,10,27
3,10,40
3,10,42
3,10,33
3,10,60
3,10,37
3,10,38
3,10,23
3,10,28
3,10,36
3,10,29
3,10,55
3,10,41
3,10,60
3,10,40
3,10,46
3,10,29
3,10,56
3,10,41
3,10,28
3,10,17
3,10,31
3,10,18
3,10,17
3,10,36
3,10,22
3,10,84
3,10,42
3,10,28
3,10,26
3,10,48
3,10,34
3,10,62
3,10,33
3,10,27
3,10,21
3,10,29
3,10,68
3,10,26
3,10,28
3,10,57
3,10,52
3,10,17
3,10,50
3,10,37
3,10,63
3,10,72
3,10,61
3,10,61
3,10,33
3,10,48
3,10,63
3,10,22
3,10,50
3,10,29
3,10,47
3,10,14
3,10,37
3,10,37
3,10,44
3,10,28
3,10,35
3,10,70
3,10,67
3,10,34
3,10,14
3,10,43
3,10,48
3,10,32
3,10,66
3,10,44
3,10,56
3,10,39
3,10,32
3,10,36
3,10,57
3,10,37
3,10,37
3,10,27
3,10,51
3,10,23
3,10,38
3,10,33
3,10,18
3,10,29
3,10,53
3,10,22
3,10,41
3,11,55
3,11,39
3,11,21
3,11,44
3,11,70
3,11,43
3,11,42
3,11,43
3,11,53
3,11,13
3,11,70
3,11,43
3,11,52
3,11,27
3,11,69
3,11,64
3,11,91
3,11,41
3,11,47
3,11,43
3,11,77
3,11,87
3,11,50
3,11,68
3,11,65
3,11,36
3,11,47
3,11,54
3,11,56
3,11,45
3,11,63
3,11,55
3,11,55
3,11,86
3,11,56
3,11,32
3,11,60
3,11,63
3,11,65
3,11,65
3,11,46
3,11,43
3,11,58
3,11,54
3,11,36
3,11,117
3,11,45
3,11,28
3,11,108
3,11,57
3,11,53
3,11,53
3,11,57
3,11,94
3,11,38
3,11,50
3,11,29
3,11,53
3,11,33
3,11,57
3,11,9
3,11,40
3,11,45
3,11,39
3,11,43
3,11,47
3,11,92
3,11,74
3,11,79
3,11,67
3,11,35
3,11,31
3,11,31
3,11,76
3,11,32
3,11,55
3,11,33
3,11,36
3,11,60
3,11,44
3,11,78
3,11,44
3,11,24
3,11,40
3,11,54
3,11,85
3,11,44
3,11,32
3,11,37
3,11,28
3,11,58
3,11,62
3,11,58
3,11,32
3,11,56
3,11,58
3,11,36
3,11,32
3,11,42
3,11,44
3,12,39
3,12,28
3,12,29
3,12,26
3,12,47
3,12,48
3,12,40
3,12,60
3,12,14
3,12,78
3,12,21
3,12,93
3,12,61
3,12,57
3,12,62
3,12,26
3,12,44
3,12,53
3,12,46
3,12,89
3,12,30
3,12,54
3,12,51
3,12,72
3,12,68
3,12,34
3,12,23
3,12,83
3,12,51
3,12,67
3,12,42
3,12,57
3,12,55
3,12,36
3,12,30
3,12,30
3,12,68
3,12,31
3,12,60
3,12,64
3,12,69
3,12,46
3,12,45
3,12,69
3,12,83
3,12,20
3,12,19
3,12,75
3,12,31
3,12,46
3,12,18
3,12,21
3,12,26
3,12,81
3,12,49
3,12,37
3,12,65
3,12,37
3,12,68
3,12,36
3,12,70
3,12,56
3,12,44
3,12,37
3,12,40
3,12,66
3,12,50
3,12,40
3,12,104
3,12,83
3,12,41
3,12,39
3,12,55
3,12,30
3,12,31
3,12,63
3,12,16
3,12,64
3,12,50
3,12,31
3,12,38
3,12,47
3,12,76
3,12,70
3,12,50
3,12,32
3,12,43
3,12,41
3,12,75
3,12,35
3,12,64
3,12,56
3,12,46
3,12,54
3,12,17
3,12,62
3,12,33
3,12,39
3,12,46
3,12,40
4,0,55
4,0,24
4,0,97
4,0,67
4,0,73
4,0,58
4,0,86
4,0,36
4,0,48
4,0,52
4,0,94
4,0,60
4,0,57
4,0,98
4,0,59
4,0,54
4,0,32
4,0,29
4,0,21
4,0,80
4,0,56
4,0,66
4,0,108
4,0,38
4,0,77
4,0,64
4,0,71
4,0,32
4,0,40
4,0,44
4,0,75
4,0,82
4,0,56
4,0,80
4,0,85
4,0,53
4,0,41
4,0,118
4,0,65
4,0,38
4,0,44
4,0,41
4,0,63
4,0,49
4,0,28
4,0,68
4,0,55
4,0,68
4,0,43
4,0,36
4,0,53
4,0,29
4,0,53
4,0,64
4,0,47
4,0,49
4,0,74
4,0,65
4,0,89
4,0,76
4,0,69
4,0,79
4,0,35
4,0,65
4,0,48
4,0,78
4,0,54
4,0,55
4,0,53
4,0,69
4,0,79
4,0,77
4,0,38
4,0,76
4,0,32
4,0,88
4,0,45
4,0,54
4,0,83
4,0,97
4,0,28
4,0,89
4,0,57
4,0,21
4,0,33
4,0,27
4,0,54
4,0,92
4,0,53
4,0,57
4,0,47
4,0,80
4,0,71
4,0,29
4,0,48
4,0,57
4,0,66
4,0,63
4,0,47
4,0,72
4,1,44
4,1,60
4,1,38
4,1,38
4,1,57
4,1,51
4,1,71
4,1,38
4,1,59
4,1,90
4,1,88
4,1,29
4,1,65
4,1,38
4,1,90
4,1,96
4,1,54
4,1,38
4,1,59
4,1,69
4,1,53
4,1,43
4,1,37
4,1,75
4,1,75
4,1,67
4,1,72
4,1,64
4,1,57
4,1,102
4,1,64
4,1,113
4,1,81
4,1,74
4,1,39
4,1,62
4,1,24
4,1,24
4,1,58
4,1,74
4,1,57
4,1,116
4,1,68
4,1,71
4,1,51
4,1,101
4,1,64
4,1,69
4,1,106
4,1,93
4,1,74
4,1,63
4,1,41
4,1,85
4,1,63
4,1,55
4,1,68
4,1,79
4,1,78
4,1,67
4,1,83
4,1,58
4,1,140
4,1,32
4,1,59
4,1,64
4,1,52
4,1,57
4,1,64
4,1,70
4,1,102
4,1,59
4,1,69
4,1,82
4,1,30
4,1,68
4,1,71
4,1,63
4,1,79
4,1,49
4,1,60
4,1,69
4,1,48
4,1,61
4,1,69
4,1,76
4,1,51
4,1,145
4,1,101
4,1,62
4,1,68
4,1,58
4,1,74
4,1,57
4,1,82
4,1,57
4,1,76
4,1,39
4,1,101
4,1,51
4,2,85
4,2,54
4,2,89
4,2,42
4,2,73
4,2,64
4,2,42
4,2,104
4,2,43
4,2,77
4,2,49
4,2,52
4,2,90
4,2,71
4,2,23
4,2,45
4,2,142
4,2,100
4,2,80
4,2,77
4,2,52
4,2,39
4,2,61
4,2,51
4,2,135
4,2,54
4,2,94
4,2,109
4,2,125
4,2,55
4,2,45
4,2,75
4,2,78
4,2,93
4,2,54
4,2,60
4,2,65
4,2,101
4,2,52
4,2,58
4,2,55
4,2,34
4,2,78
4,2,76
4,2,23
4,2,24
4,2,46
4,2,99
4,2,88
4,2,115
4,2,92
4,2,33
4,2,52
4,2,106
4,2,63
4,2,43
4,2,51
4,2,69
4,2,79
4,2,60
4,2,54
4,2,48
4,2,73
4,2,38
4,2,87
4,2,44
4,2,58
4,2,55
4,2,46
4,2,64
4,2,45
4,2,34
4,2,51
4,2,43
4,2,62
4,2,45
4,2,78
4,2,49
4,2,56
4,2,85
4,2,64
4,2,47
4,2,59
4,2,47
4,2,52
4,2,39
4,2,67
4,2,60
4,2,73
4,2,50
4,2,69
4,2,69
4,2,89
4,2,80
4,2,94
4,2,91
4,2,102
4,2,42
4,2,47
4,2,52
4,3,30
4,3,58
4,3,42
4,3,49
4,3,52
4,3,40
4,3,64
4,3,66
4,3,35
4,3,44
4,3,45
4,3,36
4,3,53
4,3,22
4,3,51
4,3,75
4,3,52
4,3,41
4,3,55
4,3,82
4,3,40
4,3,59
4,3,51
4,3,67
4,3,96
4,3,32
4,3,34
4,3,41
4,3,57
4,3,45
4,3,84
4,3,37
4,3,73
4,3,68
4,3,46
4,3,47
4,3,34
4,3,49
4,3,67
4,3,53
4,3,66
4,3,40
4,3,37
4,3,83
4,3,43
4,3,49
4,3,46
4,3,51
4,3,48
4,3,32
4,3,56
4,3,50
4,3,28
4,3,91
4,3,90
4,3,53
4,3,52
4,3,58
4,3,49
4,3,33
4,3,49
4,3,20
4,3,63
4,3,71
4,3,49
4,3,49
4,3,56
4,3,78
4,3,45
4,3,27
4,3,57
4,3,72
4,3,66
4,3,57
4,3,35
4,3,52
4,3,59
4,3,26
4,3,53
4,3,62
4,3,66
4,3,12
4,3,67
4,3,48
4,3,36
4,3,31
4,3,60
4,3,42
4,3,37
4,3,72
4,3,51
4,3,57
4,3,20
4,3,67
4,3,90
4,3,80
4,3,76
4,3,67
4,3,82
4,3,35
4,4,46
4,4,34
4,4,51
4,4,35
4,4,16
4,4,32
4,4,57
4,4,28
4,4,36
4,4,39
4,4,69
4,4,62
4,4,36
4,4,30
4,4,40
4,4,38
4,4,23
4,4,34
4,4,40
4,4,44
4,4,30
4,4,63
4,4,40
4,4,35
4,4,58
4,4,17
4,4,42
4,4,65
4,4,49
4,4,40
4,4,50
4,4,35
4,4,51
4,4,49
4,4,26
4,4,19
4,4,36
4,4,20
4,4,42
4,4,37
4,4,42
4,4,50
4,4,25
4,4,36
4,4,57
4,4,61
4,4,8
4,4,51
4,4,49
4,4,55
4,4,42
4,4,72
4,4,36
4,4,23
4,4,45
4,4,46
4,4,34
4,4,57
4,4,28
4,4,45
4,4,32
4,4,64
4,4,39
4,4,49
4,4,47
4,4,49
4,4,35
4,4,25
4,4,62
4,4,28
4,4,17
4,4,21
4,4,46
4,4,51
4,4,46
4,4,41
4,4,23
4,4,40
4,4,30
4,4,28
4,4,19
4,4,49
4,4,41
4,4,31
4,4,63
4,4,53
4,4,41
4,4,61
4,4,26
4,4,40
4,4,51
4,4,56
4,4,44
4,4,35
4,4,38
4,4,45
4,4,32
4,4,37
4,4,42
4,4,52
4,5,68
4,5,84
4,5,39
4,5,38
4,5,71
4,5,22
4,5,39
4,5,97
4,5,66
4,5,99
4,5,32
4,5,58
4,5,40
4,5,73
4,5,75
4,5,64
4,5,50
4,5,56
4,5,65
4,5,86
4,5,60
4,5,39
4,5,109
4,5,30
4,5,53
4,5,30
4,5,71
4,5,62
4,5,30
4,5,62
4,5,60
4,5,91
4,5,66
4,5,18
4,5,76
4,5,52
4,5,58
4,5,42
4,5,50
4,5,40
4,5,52
4,5,71
4,5,65
4,5,75
4,5,84
4,5,65
4,5,103
4,5,39
4,5,52
4,5,54
4,5,51
4,5,79
4,5,54
4,5,49
4,5,107
4,5,75
4,5,84
4,5,58
4,5,63
4,5,45
4,5,70
4,5,27
4,5,73
4,5,47
4,5,70
4,5,77
4,5,69
4,5,68
4,5,42
4,5,70
4,5,50
4,5,68
4,5,57
4,5,100
4,5,56
4,5,19
4,5,135
4,5,40
4,5,39
4,5,44
4,5,40
4,5,62
4,5,38
4,5,70
4,5,45
4,5,80
4,5,43
4,5,67
4,5,75
4,5,61
4,5,127
4,5,35
4,5,62
4,5,40
4,5,45
4,5,57
4,5,43
4,5,57
4,5,19
4,5,34
4,6,80
4,6,75
4,6,37
4,6,36
4,6,37
4,6,57
4,6,83
4,6,45
4,6,115
4,6,86
4,6,86
4,6,52
4,6,65
4,6,22
4,6,32
4,6,59
4,6,32
4,6,81
4,6,87
4,6,51
4,6,59
4,6,68
4,6,103
4,6,60
4,6,37
4,6,44
4,6,51
4,6,81
4,6,58
4,6,70
4,6,47
4,6,75
4,6,27
4,6,63
4,6,61
4,6,39
4,6,58
4,6,80
4,6,70
4,6,60
4,6,37
4,6,107
4,6,44
4,6,26
4,6,41
4,6,91
4,6,69
4,6,82
4,6,27
4,6,47
4,6,66
4,6,36
4,6,64
4,6,49
4,6,75
4,6,72
4,6,48
4,6,63
4,6,72
4,6,31
4,6,71
4,6,76
4,6,44
4,6,64
4,6,32
4,6,51
4,6,72
4,6,86
4,6,27
4,6,77
4,6,74
4,6,33
4,6,50
4,6,44
4,6,55
4,6,54
4,6,21
4,6,56
4,6,27
4,6,54
4,6,43
4,6,55
4,6,64
4,6,68
4,6,48
4,6,66
4,6,49
4,6,45
4,6,28
4,6,51
4,6,59
4,6,58
4,6,73
4,6,29
4,6,67
4,6,43
4,6,77
4,6,45
4,6,45
4,6,59
4,7,52
4,7,54
4,7,85
4,7,90
4,7,52
4,7,63
4,7,39
4,7,51
4,7,102
4,7,45
4,7,131
4,7,74
4,7,31
4,7,72
4,7,52
4,7,29
4,7,54
4,7,36
4,7,44
4,7,38
4,7,90
4,7,30
4,7,31
4,7,47
4,7,142
4,7,37
4,7,83
4,7,52
4,7,69
4,7,62
4,7,65
4,7,36
4,7,93
4,7,51
4,7,42
4,7,39
4,7,73
4,7,47
4,7,70
4,7,62
4,7,72
4,7,89
4,7,105
4,7,71
4,7,87
4,7,82
4,7,52
4,7,100
4,7,57
4,7,36
4,7,40
4,7,77
4,7,47
4,7,21
4,7,96
4,7,49
4,7,37
4,7,87
4,7,89
4,7,74
4,7,53
4,7,65
4,7,72
4,7,42
4,7,61
4,7,45
4,7,48
4,7,47
4,7,66
4,7,41
4,7,32
4,7,72
4,7,41
4,7,46
4,7,52
4,7,100
4,7,74
4,7,83
4,7,57
4,7,71
4,7,95
4,7,49
4,7,52
4,7,81
4,7,81
4,7,82
4,7,65
4,7,32
4,7,86
4,7,108
4,7,69
4,7,65
4,7,52
4,7,50
4,7,51
4,7,72
4,7,34
4,7,18
4,7,114
4,7,54
4,8,53
4,8,24
4,8,80
4,8,53
4,8,76
4,8,43
4,8,66
4,8,41
4,8,78
4,8,26
4,8,69
4,8,38
4,8,44
4,8,38
4,8,91
4,8,69
4,8,83
4,8,101
4,8,58
4,8,54
4,8,67
4,8,68
4,8,50
4,8,45
4,8,105
4,8,55
4,8,52
4,8,58
4,8,54
4,8,140
4,8,52
4,8,40
4,8,55
4,8,90
4,8,40
4,8,30
4,8,85
4,8,36
4,8,60
4,8,32
4,8,81
4,8,98
4,8,61
4,8,37
4,8,52
4,8,65
4,8,127
4,8,54
4,8,60
4,8,58
4,8,43
4,8,65
4,8,81
4,8,59
4,8,84
4,8,68
4,8,59
4,8,96
4,8,38
4,8,67
4,8,32
4,8,63
4,8,47
4,8,28
4,8,32
4,8,95
4,8,60
4,8,26
4,8,39
4,8,95
4,8,70
4,8,60
4,8,35
4,8,68
4,8,44
4,8,46
4,8,61
4,8,51
4,8,75
4,8,85
4,8,84
4,8,64
4,8,64
4,8,60
4,8,44
4,8,53
4,8,68
4,8,47
4,8,56
4,8,41
4,8,79
4,8,24
4,8,36
4,8,45
4,8,53
4,8,46
4,8,86
4,8,78
4,8,54
4,8,42
4,9,58
4,9,25
4,9,20
4,9,41
4,9,25
4,9,41
4,9,65
4,9,45
4,9,31
4,9,66
4,9,71
4,9,53
4,9,33
4,9,94
4,9,60
4,9,59
4,9,54
4,9,13
4,9,25
4,9,67
4,9,61
4,9,66
4,9,35
4,9,48
4,9,62
4,9,67
4,9,42
4,9,56
4,9,78
4,9,21
4,9,30
4,9,62
4,9,29
4,9,32
4,9,50
4,9,44
4,9,49
4,9,52
4,9,31
4,9,70
4,9,95
4,9,50
4,9,58
4,9,28
4,9,70
4,9,27
4,9,32
4,9,52
4,9,91
4,9,71
4,9,51
4,9,43
4,9,68
4,9,37
4,9,81
4,9,59
4,9,48
4,9,32
4,9,31
4,9,71
4,9,59
4,9,47
4,9,60
4,9,47
4,9,85
4,9,36
4,9,39
4,9,86
4,9,52
4,9,75
4,9,95
4,9,29
4,9,75
4,9,31
4,9,26
4,9,63
4,9,58
4,9,61
4,9,59
4,9,30
4,9,47
4,9,52
4,9,71
4,9,58
4,9,57
4,9,72
4,9,34
4,9,75
4,9,57
4,9,77
4,9,68
4,9,108
4,9,59
4,9,74
4,9,41
4,9,118
4,9,58
4,9,69
4,9,49
4,9,41
4,10,39
4,10,24
4,10,68
4,10,38
4,10,64
4,10,25
4,10,18
4,10,50
4,10,56
4,10,37
4,10,70
4,10,71
4,10,34
4,10,71
4,10,38
4,10,70
4,10,54
4,10,74
4,10,16
4,10,30
4,10,43
4,10,39
4,10,38
4,10,37
4,10,33
4,10,33
4,10,25
4,10,52
4,10,36
4,10,42
4,10,46
4,10,35
4,10,49
4,10,48
4,10,81
4,10,22
4,10,65
4,10,46
4,10,47
4,10,72
4,10,30
4,10,31
4,10,87
4,10,77
4,10,22
4,10,85
4,10,78
4,10,62
4,10,53
4,10,88
4,10,57
4,10,29
4,10,46
4,10,56
4,10,33
4,10,47
4,10,58
4,10,46
4,10,61
4,10,64
4,10,34
4,10,60
4,10,34
4,10,23
4,10,39
4,10,66
4,10,85
4,10,32
4,10,63
4,10,34
4,10,39
4,10,31
4,10,37
4,10,62
4,10,50
4,10,41
4,10,47
4,10,72
4,10,61
4,10,40
4,10,28
4,10,57
4,10,94
4,10,73
4,10,34
4,10,25
4,10,30
4,10,55
4,10,60
4,10,43
4,10,40
4,10,46
4,10,59
4,10,60
4,10,73
4,10,32
4,10,71
4,10,30
4,10,17
4,10,38
4,11,33
4,11,37
4,11,24
4,11,14
4,11,53
4,11,50
4,11,49
4,11,48
4,11,42
4,11,37
4,11,37
4,11,46
4,11,82
4,11,28
4,11,68
4,11,38
4,11,52
4,11,52
4,11,83
4,11,47
4,11,42
4,11,104
4,11,54
4,11,88
4,11,42
4,11,43
4,11,63
4,11,75
4,11,24
4,11,59
4,11,80
4,11,32
4,11,60
4,11,39
4,11,41
4,11,27
4,11,45
4,11,52
4,11,50
4,11,19
4,11,53
4,11,31
4,11,58
4,11,26
4,11,49
4,11,45
4,11,54
4,11,77
4,11,44
4,11,48
4,11,36
4,11,81
4,11,36
4,11,95
4,11,48
4,11,45
4,11,103
4,11,61
4,11,70
4,11,35
4,11,42
4,11,47
4,11,54
4,11,35
4,11,106
4,11,57
4,11,50
4,11,48
4,11,60
4,11,55
4,11,43
4,11,61
4,11,73
4,11,56
4,11,70
4,11,46
4,11,41
4,11,40
4,11,46
4,11,60
4,11,55
4,11,22
4,11,54
4,11,53
4,11,43
4,11,46
4,11,46
4,11,69
4,11,42
4,11,42
4,11,41
4,11,117
4,11,70
4,11,34
4,11,26
4,11,50
4,11,60
4,11,67
4,11,81
4,11,49
4,12,22
4,12,57
4,12,43
4,12,44
4,12,55
4,12,43
4,12,43
4,12,39
4,12,78
4,12,52
4,12,70
4,12,22
4,12,51
4,12,62
4,12,29
4,12,50
4,12,35
4,12,67
4,12,41
4,12,35
4,12,51
4,12,61
4,12,46
4,12,81
4,12,43
4,12,49
4,12,19
4,12,71
4,12,38
4,12,55
4,12,49
4,12,44
4,12,45
4,12,35
4,12,43
4,12,42
4,12,57
4,12,28
4,12,19
4,12,51
4,12,59
4,12,73
4,12,37
4,12,22
4,12,56
4,12,48
4,12,131
4,12,22
4,12,34
4,12,70
4,12,45
4,12,29
4,12,52
4,12,76
4,12,24
4,12,45
4,12,37
4,12,31
4,12,56
4,12,34
4,12,68
4,12,56
4,12,36
4,12,51
4,12,42
4,12,39
4,12,44
4,12,54
4,12,51
4,12,41
4,12,54
4,12,57
4,12,49
4,12,27
4,12,10
4,12,38
4,12,26
4,12,82
4,12,57
4,12,49
4,12,56
4,12,50
4,12,46
4,12,33
4,12,79
4,12,82
4,12,42
4,12,32
4,12,54
4,12,45
4,12,99
4,12,81
4,12,58
4,12,63
4,12,60
4,12,46
4,12,54
4,12,26
4,12,33
4,12,34
5,0,56
5,0,57
5,0,66
5,0,60
5,0,52
5,0,59
5,0,43
5,0,40
5,0,33
5,0,30
5,0,38
5,0,69
5,0,52
5,0,17
5,0,34
5,0,45
5,0,67
5,0,14
5,0,48
5,0,51
5,0,38
5,0,14
5,0,59
5,0,51
5,0,70
5,0,51
5,0,37
5,0,59
5,0,37
5,0,66
5,0,81
5,0,62
5,0,53
5,0,57
5,0,57
5,0,37
5,0,34
5,0,16
5,0,51
5,0,26
5,0,90
5,0,50
5,0,69
5,0,56
5,0,24
5,0,39
5,0,44
5,0,23
5,0,28
5,0,39
5,0,44
5,0,89
5,0,46
5,0,66
5,0,54
5,0,31
5,0,59
5,0,40
5,0,36
5,0,85
5,0,28
5,0,52
5,0,42
5,0,53
5,0,27
5,0,37
5,0,49
5,0,59
5,0,50
5,0,51
5,0,23
5,0,71
5,0,48
5,0,44
5,0,56
5,0,74
5,0,62
5,0,36
5,0,38
5,0,51
5,0,53
5,0,40
5,0,76
5,0,38
5,0,32
5,0,46
5,0,42
5,0,57
5,0,12
5,0,37
5,0,65
5,0,76
5,0,40
5,0,29
5,0,28
5,0,56
5,0,57
5,0,33
5,0,27
5,0,44
5,1,54
5,1,79
5,1,45
5,1,93
5,1,79
5,1,70
5,1,42
5,1,64
5,1,86
5,1,37
5,1,84
5,1,51
5,1,82
5,1,60
5,1,69
5,1,60
5,1,41
5,1,81
5,1,54
5,1,96
5,1,42
5,1,84
5,1,75
5,1,25
5,1,49
5,1,31
5,1,58
5,1,58
5,1,50
5,1,63
5,1,37
5,1,82
5,1,83
5,1,94
5,1,59
5,1,55
5,1,39
5,1,104
5,1,26
5,1,57
5,1,38
5,1,27
5,1,89
5,1,60
5,1,42
5,1,59
5,1,55
5,1,109
5,1,57
5,1,36
5,1,44
5,1,50
5,1,34
5,1,52
5,1,75
5,1,50
5,1,38
5,1,55
5,1,63
5,1,39
5,1,28
5,1,46
5,1,74
5,1,56
5,1,46
5,1,129
5,1,75
5,1,37
5,1,20
5,1,103
5,1,61
5,1,58
5,1,78
5,1,64
5,1,48
5,1,28
5,1,46
5,1,36
5,1,42
5,1,45
5,1,40
5,1,47
5,1,39
5,1,97
5,1,26
5,1,83
5,1,92
5,1,37
5,1,60
5,1,37
5,1,106
5,1,75
5,1,42
5,1,29
5,1,63
5,1,101
5,1,52
5,1,60
5,1,68
5,1,48
5,2,28
5,2,40
5,2,46
5,2,50
5,2,86
5,2,71
5,2,58
5,2,69
5,2,46
5,2,36
5,2,31
5,2,59
5,2,36
5,2,53
5,2,75
5,2,71
5,2,46
5,2,30
5,2,38
5,2,14
5,2,44
5,2,74
5,2,32
5,2,75
5,2,31
5,2,50
5,2,33
5,2,86
5,2,87
5,2,77
5,2,44
5,2,54
5,2,59
5,2,42
5,2,45
5,2,40
5,2,81
5,2,48
5,2,34
5,2,37
5,2,72
5,2,96
5,2,48
5,2,19
5,2,39
5,2,59
5,2,63
5,2,33
5,2,82
5,2,32
5,2,49
5,2,50
5,2,28
5,2,37
5,2,43
5,2,91
5,2,32
5,2,44
5,2,55
5,2,51
5,2,65
5,2,49
5,2,58
5,2,74
5,2,36
5,2,39
5,2,29
5,2,66
5,2,50
5,2,25
5,2,78
5,2,58
5,2,45
5,2,60
5,2,44
5,2,85
5,2,72
5,2,20
5,2,68
5,2,20
5,2,51
5,2,51
5,2,61
5,2,41
5,2,54
5,2,39
5,2,50
5,2,46
5,2,32
5,2,74
5,2,41
5,2,69
5,2,30
5,2,29
5,2,48
5,2,36
5,2,54
5,2,29
5,2,51
5,2,25
5,3,55
5,3,47
5,3,45
5,3,48
5,3,26
5,3,36
5,3,58
5,3,30
5,3,44
5,3,29
5,3,26
5,3,57
5,3,40
5,3,30
5,3,97
5,3,37
5,3,43
5,3,40
5,3,26
5,3,69
5,3,58
5,3,44
5,3,43
5,3,50
5,3,36
5,3,56
5,3,27
5,3,27
5,3,50
5,3,57
5,3,32
5,3,54
5,3,43
5,3,30
5,3,49
5,3,55
5,3,33
5,3,59
5,3,70
5,3,62
5,3,54
5,3,41
5,3,37
5,3,44
5,3,34
5,3,65
5,3,73
5,3,14
5,3,52
5,3,37
5,3,68
5,3,53
5,3,45
5,3,37
5,3,38
5,3,81
5,3,34
5,3,51
5,3,58
5,3,46
5,3,42
5,3,44
5,3,25
5,3,17
5,3,36
5,3,40
5,3,44
5,3,57
5,3,32
5,3,31
5,3,53
5,3,48
5,3,53
5,3,64
5,3,23
5,3,70
5,3,86
5,3,30
5,3,87
5,3,27
5,3,49
5,3,56
5,3,65
5,3,45
5,3,57
5,3,18
5,3,55
5,3,19
5,3,28
5,3,39
5,3,21
5,3,22
5,3,42
5,3,56
5,3,51
5,3,33
5,3,44
5,3,53
5,3,42
5,3,29
5,4,46
5,4,73
5,4,59
5,4,31
5,4,33
5,4,54
5,4,73
5,4,27
5,4,87
5,4,34
5,4,30
5,4,40
5,4,62
5,4,55
5,4,65
5,4,43
5,4,33
5,4,77
5,4,47
5,4,26
5,4,44
5,4,35
5,4,46
5,4,69
5,4,54
5,4,62
5,4,54
5,4,36
5,4,64
5,4,22
5,4,21
5,4,81
5,4,38
5,4,31
5,4,61
5,4,54
5,4,54
5,4,84
5,4,55
5,4,40
5,4,47
5,4,97
5,4,79
5,4,52
5,4,55
5,4,57
5,4,37
5,4,88
5,4,18
5,4,40
5,4,51
5,4,32
5,4,51
5,4,58
5,4,23
5,4,48
5,4,38
5,4,72
5,4,46
5,4,54
5,4,29
5,4,68
5,4,76
5,4,49
5,4,57
5,4,49
5,4,51
5,4,40
5,4,84
5,4,55
5,4,73
5,4,55
5,4,43
5,4,114
5,4,59
5,4,73
5,4,55
5,4,51
5,4,34
5,4,45
5,4,58
5,4,67
5,4,50
5,4,73
5,4,59
5,4,83
5,4,42
5,4,37
5,4,61
5,4,37
5,4,34
5,4,88
5,4,50
5,4,36
5,4,21
5,4,67
5,4,28
5,4,60
5,4,72
5,4,61
5,5,77
5,5,24
5,5,31
5,5,72
5,5,58
5,5,64
5,5,40
5,5,34
5,5,22
5,5,21
5,5,44
5,5,22
5,5,51
5,5,24
5,5,50
5,5,56
5,5,41
5,5,41
5,5,56
5,5,72
5,5,36
5,5,33
5,5,81
5,5,34
5,5,65
5,5,45
5,5,31
5,5,40
5,5,25
5,5,39
5,5,44
5,5,25
5,5,47
5,5,43
5,5,19
5,5,52
5,5,56
5,5,39
5,5,65
5,5,47
5,5,34
5,5,23
5,5,35
5,5,46
5,5,40
5,5,32
5,5,43
5,5,48
5,5,36
5,5,63
5,5,51
5,5,40
5,5,76
5,5,12
5,5,21
5,5,40
5,5,14
5,5,33
5,5,43
5,5,14
5,5,52
5,5,38
5,5,38
5,5,60
5,5,23
5,5,21
5,5,55
5,5,35
5,5,32
5,5,28
5,5,32
5,5,65
5,5,67
5,5,35
5,5,17
5,5,53
5,5,45
5,5,70
5,5,44
5,5,49
5,5,49
5,5,62
5,5,31
5,5,71
5,5,49
5,5,22
5,5,45
5,5,47
5,5,32
5,5,56
5,5,64
5,5,56
5,5,18
5,5,26
5,5,61
5,5,33
5,5,72
5,5,50
5,5,81
5,5,75
5,6,60
5,6,84
5,6,106
5,6,74
5,6,63
5,6,75
5,6,48
5,6,74
5,6,87
5,6,97
5,6,45
5,6,77
5,6,81
5,6,80
5,6,56
5,6,45
5,6,31
5,6,101
5,6,54
5,6,63
5,6,72
5,6,43
5,6,96
5,6,92
5,6,48
5,6,67
5,6,63
5,6,20
5,6,86
5,6,28
5,6,66
5,6,49
5,6,90
5,6,34
5,6,56
5,6,90
5,6,98
5,6,42
5,6,82
5,6,80
5,6,72
5,6,47
5,6,72
5,6,48
5,6,76
5,6,44
5,6,58
5,6,93
5,6,46
5,6,65
5,6,38
5,6,91
5,6,67
5,6,69
5,6,89
5,6,35
5,6,74
5,6,51
5,6,61
5,6,105
5,6,69
5,6,37
5,6,46
5,6,54
5,6,108
5,6,111
5,6,52
5,6,73
5,6,75
5,6,65
5,6,55
5,6,75
5,6,88
5,6,67
5,6,44
5,6,44
5,6,62
5,6,73
5,6,55
5,6,80
5,6,34
5,6,65
5,6,53
5,6,65
5,6,81
5,6,105
5,6,61
5,6,38
5,6,71
5,6,54
5,6,60
5,6,85
5,6,107
5,6,35
5,6,56
5,6,49
5,6,30
5,6,56
5,6,68
5,6,135
5,7,29
5,7,49
5,7,53
5,7,87
5,7,56
5,7,39
5,7,44
5,7,45
5,7,64
5,7,43
5,7,26
5,7,19
5,7,52
5,7,28
5,7,72
5,7,19
5,7,68
5,7,28
5,7,38
5,7,67
5,7,45
5,7,62
5,7,46
5,7,54
5,7,55
5,7,42
5,7,34
5,7,85
5,7,17
5,7,44
5,7,19
5,7,32
5,7,67
5,7,58
5,7,43
5,7,31
5,7,29
5,7,79
5,7,52
5,7,39
5,7,45
5,7,59
5,7,25
5,7,20
5,7,36
5,7,38
5,7,39
5,7,39
5,7,51
5,7,48
5,7,44
5,7,50
5,7,45
5,7,30
5,7,40
5,7,43
5,7,36
5,7,72
5,7,96
5,7,59
5,7,57
5,7,59
5,7,53
5,7,47
5,7,50
5,7,59
5,7,41
5,7,31
5,7,11
5,7,33
5,7,45
5,7,54
5,7,30
5,7,46
5,7,50
5,7,38
5,7,30
5,7,59
5,7,44
5,7,46
5,7,53
5,7,51
5,7,39
5,7,30
5,7,40
5,7,50
5,7,52
5,7,43
5,7,54
5,7,52
5,7,61
5,7,26
5,7,64
5,7,55
5,7,42
5,7,58
5,7,51
5,7,57
5,7,22
5,7,69
5,8,36
5,8,45
5,8,75
5,8,70
5,8,92
5,8,45
5,8,13
5,8,53
5,8,64
5,8,20
5,8,52
5,8,45
5,8,68
5,8,35
5,8,45
5,8,76
5,8,93
5,8,67
5,8,59
5,8,42
5,8,66
5,8,67
5,8,61
5,8,62
5,8,48
5,8,54
5,8,59
5,8,71
5,8,43
5,8,47
5,8,67
5,8,36
5,8,28
5,8,43
5,8,76
5,8,65
5,8,67
5,8,75
5,8,80
5,8,48
5,8,56
5,8,92
5,8,86
5,8,102
5,8,45
5,8,70
5,8,69
5,8,76
5,8,67
5,8,24
5,8,48
5,8,35
5,8,79
5,8,67
5,8,51
5,8,33
5,8,31
5,8,73
5,8,60
5,8,74
5,8,60
5,8,57
5,8,66
5,8,65
5,8,64
5,8,57
5,8,116
5,8,69
5,8,57
5,8,22
5,8,75
5,8,70
5,8,46
5,8,78
5,8,57
5,8,72
5,8,58
5,8,86
5,8,73
5,8,40
5,8,49
5,8,43
5,8,36
5,8,62
5,8,20
5,8,48
5,8,48
5,8,47
5,8,74
5,8,57
5,8,69
5,8,26
5,8,29
5,8,41
5,8,58
5,8,45
5,8,27
5,8,78
5,8,54
5,8,83
5,9,67
5,9,32
5,9,43
5,9,53
5,9,54
5,9,41
5,9,28
5,9,65
5,9,47
5,9,29
5,9,28
5,9,48
5,9,66
5,9,42
5,9,55
5,9,82
5,9,53
5,9,24
5,9,39
5,9,47
5,9,31
5,9,54
5,9,27
5,9,85
5,9,49
5,9,42
5,9,32
5,9,73
5,9,46
5,9,63
5,9,69
5,9,26
5,9,67
5,9,97
5,9,58
5,9,56
5,9,35
5,9,48
5,9,38
5,9,46
5,9,41
5,9,72
5,9,59
5,9,46
5,9,53
5,9,90
5,9,20
5,9,40
5,9,44
5,9,41
5,9,48
5,9,18
5,9,35
5,9,38
5,9,33
5,9,55
5,9,90
5,9,29
5,9,56
5,9,65
5,9,36
5,9,58
5,9,52
5,9,68
5,9,12
5,9,44
5,9,45
5,9,24
5,9,49
5,9,39
5,9,18
5,9,68
5,9,40
5,9,100
5,9,74
5,9,78
5,9,46
5,9,42
5,9,87
5,9,32
5,9,29
5,9,44
5,9,43
5,9,40
5,9,56
5,9,51
5,9,74
5,9,35
5,9,39
5,9,52
5,9,35
5,9,63
5,9,71
5,9,47
5,9,86
5,9,53
5,9,52
5,9,42
5,9,53
5,9,67
5,10,48
5,10,38
5,10,54
5,10,38
5,10,35
5,10,55
5,10,52
5,10,65
5,10,39
5,10,52
5,10,40
5,10,51
5,10,30
5,10,52
5,10,54
5,10,58
5,10,93
5,10,40
5,10,62
5,10,40
5,10,42
5,10,18
5,10,62
5,10,64
5,10,56
5,10,62
5,10,63
5,10,55
5,10,88
5,10,34
5,10,23
5,10,28
5,10,65
5,10,31
5,10,38
5,10,40
5,10,48
5,10,62
5,10,56
5,10,65
5,10,24
5,10,43
5,10,38
5,10,78
5,10,44
5,10,47
5,10,73
5,10,78
5,10,86
5,10,44
5,10,65
5,10,96
5,10,58
5,10,69
5,10,36
5,10,67
5,10,71
5,10,43
5,10,53
5,10,45
5,10,35
5,10,28
5,10,87
5,10,32
5,10,25
5,10,41
5,10,39
5,10,39
5,10,31
5,10,29
5,10,74
5,10,39
5,10,61
5,10,65
5,10,45
5,10,45
5,10,31
5,10,68
5,10,42
5,10,59
5,10,26
5,10,59
5,10,47
5,10,47
5,10,32
5,10,47
5,10,40
5,10,26
5,10,58
5,10,51
5,10,53
5,10,50
5,10,19
5,10,58
5,10,66
5,10,33
5,10,69
5,10,48
5,10,78
5,10,38
5,11,75
5,11,45
5,11,56
5,11,31
5,11,22
5,11,32
5,11,33
5,11,45
5,11,45
5,11,43
5,11,32
5,11,41
5,11,47
5,11,47
5,11,35
5,11,32
5,11,50
5,11,54
5,11,26
5,11,39
5,11,26
5,11,25
5,11,69
5,11,44
5,11,29
5,11,30
5,11,48
5,11,15
5,11,29
5,11,39
5,11,71
5,11,89
5,11,25
5,11,53
5,11,29
5,11,57
5,11,34
5,11,43
5,11,17
5,11,33
5,11,22
5,11,79
5,11,24
5,11,39
5,11,50
5,11,27
5,11,69
5,11,52
5,11,57
5,11,57
5,11,41
5,11,74
5,11,62
5,11,42
5,11,35
5,11,31
5,11,19
5,11,51
5,11,64
5,11,35
5,11,53
5,11,77
5,11,40
5,11,25
5,11,11
5,11,24
5,11,49
5,11,43
5,11,42
5,11,45
5,11,64
5,11,28
5,11,34
5,11,63
5,11,61
5,11,33
5,11,55
5,11,69
5,11,22
5,11,35
5,11,57
5,11,30
5,11,22
5,11,34
5,11,30
5,11,54
5,11,37
5,11,43
5,11,32
5,11,52
5,11,32
5,11,30
5,11,26
5,11,45
5,11,17
5,11,30
5,11,52
5,11,24
5,11,47
5,11,24
5,12,24
5,12,59
5,12,39
5,12,19
5,12,41
5,12,38
5,12,65
5,12,68
5,12,49
5,12,27
5,12,53
5,12,39
5,12,26
5,12,18
5,12,64
5,12,37
5,12,72
5,12,14
5,12,39
5,12,13
5,12,20
5,12,51
5,12,54
5,12,33
5,12,49
5,12,95
5,12,24
5,12,69
5,12,44
5,12,71
5,12,36
5,12,38
5,12,47
5,12,28
5,12,45
5,12,29
5,12,26
5,12,33
5,12,57
5,12,48
5,12,31
5,12,12
5,12,37
5,12,33
5,12,51
5,12,31
5,12,60
5,12,35
5,12,56
5,12,45
5,12,100
5,12,17
5,12,51
5,12,47
5,12,39
5,12,68
5,12,58
5,12,40
5,12,24
5,12,17
5,12,45
5,12,83
5,12,33
5,12,53
5,12,63
5,12,37
5,12,23
5,12,35
5,12,52
5,12,58
5,12,39
5,12,54
5,12,33
5,12,58
5,12,14
5,12,53
5,12,33
5,12,31
5,12,37
5,12,50
5,12,25
5,12,56
5,12,50
5,12,52
5,12,65
5,12,54
5,12,29
5,12,55
5,12,46
5,12,53
5,12,37
5,12,35
5,12,101
5,12,62
5,12,41
5,12,88
5,12,27
5,12,50
5,12,66
5,12,44
